event_id,event_timestamp,event_type,event_summary,customer_id,contact_id,sales_rep_id,sales_rep_notes,created_at
1,2023-01-20 09:30:00,call,Initial discovery call with decision maker,1,1,2,Customer expressed interest in technology upgrade. Budget approved for Q2.,2023-01-20 09:30:00
2,2023-01-22 14:15:00,email,Follow-up email with product demo materials,1,2,2,Sent technical specifications and pricing overview.,2023-01-22 14:15:00
3,2023-01-25 11:45:00,meeting,Stakeholder meeting to discuss requirements,2,3,3,Met with IT director and CFO. Strong interest in our solution.,2023-01-25 11:45:00
4,2023-01-28 16:20:00,call,Technical clarification call,2,4,3,Addressed concerns about integration with existing systems.,2023-01-28 16:20:00
5,2023-02-02 10:30:00,email,Proposal delivery via email,3,5,4,Sent comprehensive proposal with implementation timeline.,2023-02-02 10:30:00
6,2023-02-05 13:45:00,meeting,Product demonstration session,3,6,4,Successful demo. Customer impressed with features.,2023-02-05 13:45:00
7,2023-02-10 09:15:00,call,Budget discussion with finance team,4,7,5,Discussed payment terms and ROI projections.,2023-02-10 09:15:00
8,2023-02-12 15:30:00,other,Site visit for assessment,4,8,5,Conducted on-site evaluation. Identified additional opportunities.,2023-02-12 15:30:00
9,2023-02-15 12:00:00,email,Contract review documents sent,5,9,6,Legal team to review terms and conditions.,2023-02-15 12:00:00
10,2023-02-18 14:45:00,meeting,Contract negotiation meeting,5,10,6,Agreed on most terms. Minor adjustments needed.,2023-02-18 14:45:00
11,2023-02-22 11:30:00,call,Final approval call with CEO,6,11,7,CEO gave final approval. Moving to implementation phase.,2023-02-22 11:30:00
12,2023-02-25 16:10:00,email,Implementation timeline shared,6,12,7,Detailed project plan with milestones sent to client.,2023-02-25 16:10:00
13,2023-03-01 10:20:00,meeting,Kick-off meeting for new project,7,13,8,Project officially started. Team introductions completed.,2023-03-01 10:20:00
14,2023-03-05 13:55:00,call,Weekly progress check-in,7,14,8,Phase 1 on track. No major issues reported.,2023-03-05 13:55:00
15,2023-03-08 15:40:00,email,Mid-project status update,8,15,9,50% completion milestone reached ahead of schedule.,2023-03-08 15:40:00
16,2023-03-12 09:25:00,meeting,Quarterly business review,8,16,9,Discussed expansion opportunities and future needs.,2023-03-12 09:25:00
17,2023-03-15 14:30:00,call,Support ticket escalation,9,17,10,Resolved critical issue within SLA timeframe.,2023-03-15 14:30:00
18,2023-03-18 11:45:00,other,Training session for end users,9,18,10,User training completed successfully. High satisfaction scores.,2023-03-18 11:45:00
19,2023-03-22 16:15:00,email,Renewal discussion initiated,10,19,11,Started conversation about contract renewal for next year.,2023-03-22 16:15:00
20,2023-03-25 12:30:00,meeting,Renewal negotiation meeting,10,20,11,Favorable terms agreed upon for renewal.,2023-03-25 12:30:00
21,2023-03-28 10:45:00,call,Cross-selling opportunity discussion,11,21,12,Identified need for additional modules.,2023-03-28 10:45:00
22,2023-04-02 14:20:00,email,Cross-sell proposal sent,11,22,12,Proposal for additional services submitted.,2023-04-02 14:20:00
23,2023-04-05 13:35:00,meeting,Customer success review,12,23,13,Excellent satisfaction scores. Case study opportunity identified.,2023-04-05 13:35:00
24,2023-04-08 15:50:00,call,Reference customer request,12,24,13,Customer agreed to serve as reference for prospects.,2023-04-08 15:50:00
25,2023-04-12 11:10:00,other,Industry conference networking,13,25,14,Met customer at trade show. Discussed industry trends.,2023-04-12 11:10:00
26,2023-04-15 09:40:00,email,Post-conference follow-up,13,26,14,Thanked for meeting. Scheduled follow-up call.,2023-04-15 09:40:00
27,2023-04-18 16:25:00,meeting,Upselling opportunity presentation,14,27,15,Presented advanced features. Strong interest shown.,2023-04-18 16:25:00
28,2023-04-22 12:55:00,call,Pricing negotiation for upsell,14,28,15,Agreed on pricing for additional licenses.,2023-04-22 12:55:00
29,2023-04-25 14:40:00,email,Implementation planning for upgrade,15,29,16,Scheduled upgrade for next maintenance window.,2023-04-25 14:40:00
30,2023-04-28 10:15:00,meeting,Upgrade completion review,15,30,16,Upgrade successful. Customer satisfied with new features.,2023-04-28 10:15:00
31,2023-05-02 13:20:00,call,Monthly check-in call,16,31,17,Regular touchpoint. No issues reported.,2023-05-02 13:20:00
32,2023-05-05 15:45:00,other,Customer advisory board meeting,16,32,17,Customer participated in product roadmap discussion.,2023-05-05 15:45:00
33,2023-05-08 11:30:00,email,Feature request submission,17,33,18,Customer requested new integration capability.,2023-05-08 11:30:00
34,2023-05-12 09:55:00,meeting,Feature request evaluation,17,34,18,Product team reviewing feasibility of request.,2023-05-12 09:55:00
35,2023-05-15 14:10:00,call,Competitive situation discussion,18,35,19,Competitor trying to win account. Retention strategy needed.,2023-05-15 14:10:00
36,2023-05-18 16:35:00,email,Retention proposal sent,18,36,19,Competitive response proposal submitted.,2023-05-18 16:35:00
37,2023-05-22 12:20:00,meeting,Executive briefing session,19,37,20,C-level meeting to discuss strategic partnership.,2023-05-22 12:20:00
38,2023-05-25 10:45:00,call,Partnership agreement discussion,19,38,20,Exploring deeper strategic relationship.,2023-05-25 10:45:00
39,2023-05-28 15:15:00,other,Joint customer event,20,39,21,Co-hosted webinar with customer as speaker.,2023-05-28 15:15:00
40,2023-06-01 13:40:00,email,Event follow-up and leads,20,40,21,Shared leads generated from joint event.,2023-06-01 13:40:00
41,2023-06-05 09:25:00,meeting,Account planning session,21,41,22,Developed strategy for account growth.,2023-06-05 09:25:00
42,2023-06-08 11:50:00,call,Budget planning for next fiscal year,21,42,22,Discussed budget allocation for upcoming year.,2023-06-08 11:50:00
43,2023-06-12 14:30:00,email,Annual contract review,22,43,23,Initiated annual contract review process.,2023-06-12 14:30:00
44,2023-06-15 16:05:00,meeting,Contract renewal meeting,22,44,23,Successful renewal with 15% increase.,2023-06-15 16:05:00
45,2023-06-18 10:40:00,call,New project initiation,23,45,24,Started discussion for new project scope.,2023-06-18 10:40:00
46,2023-06-22 12:15:00,other,Solution architecture workshop,23,46,24,Collaborative session to design solution.,2023-06-22 12:15:00
47,2023-06-25 15:50:00,email,Workshop outcomes and next steps,24,47,25,Documented requirements and timeline.,2023-06-25 15:50:00
48,2023-06-28 13:25:00,meeting,Proposal presentation meeting,24,48,25,Presented comprehensive solution proposal.,2023-06-28 13:25:00
49,2023-07-02 09:35:00,call,Proposal feedback and questions,25,49,26,Addressed all customer questions and concerns.,2023-07-02 09:35:00
50,2023-07-05 11:20:00,email,Revised proposal delivery,25,50,26,Updated proposal based on feedback.,2023-07-05 11:20:00
51,2023-07-08 14:45:00,meeting,Final negotiation session,26,51,27,Reached agreement on terms and pricing.,2023-07-08 14:45:00
52,2023-07-12 16:30:00,call,Contract execution call,26,52,27,All parties signed. Project approved to proceed.,2023-07-12 16:30:00
53,2023-07-15 12:10:00,other,Customer onboarding session,27,53,28,Began onboarding process for new customer.,2023-07-15 12:10:00
54,2023-07-18 10:55:00,email,Onboarding checklist and timeline,27,54,28,Provided detailed onboarding schedule.,2023-07-18 10:55:00
55,2023-07-22 13:40:00,meeting,Implementation planning meeting,28,55,29,Detailed implementation plan approved.,2023-07-22 13:40:00
56,2023-07-25 15:25:00,call,Technical requirements review,28,56,29,Finalized technical specifications.,2023-07-25 15:25:00
57,2023-07-28 11:15:00,email,Go-live date confirmation,29,57,30,Confirmed launch date and readiness criteria.,2023-07-28 11:15:00
58,2023-08-01 09:50:00,meeting,Go-live execution meeting,29,58,30,Successfully launched. Minor issues resolved quickly.,2023-08-01 09:50:00
59,2023-08-05 14:20:00,call,Post-implementation review,30,59,31,Customer satisfied with implementation outcome.,2023-08-05 14:20:00
60,2023-08-08 16:45:00,other,Success story documentation,30,60,31,Documented implementation success for case study.,2023-08-08 16:45:00
61,2023-08-12 12:30:00,email,Customer satisfaction survey,31,61,32,Sent survey to measure satisfaction levels.,2023-08-12 12:30:00
62,2023-08-15 10:15:00,meeting,Satisfaction survey results review,31,62,32,Excellent scores across all categories.,2023-08-15 10:15:00
63,2023-08-18 13:55:00,call,Expansion opportunity identification,32,63,33,Identified opportunities in other departments.,2023-08-18 13:55:00
64,2023-08-22 15:40:00,email,Expansion proposal preparation,32,64,33,Working on proposal for department expansion.,2023-08-22 15:40:00
65,2023-08-25 11:25:00,meeting,Multi-department presentation,33,65,34,Presented to multiple department heads.,2023-08-25 11:25:00
66,2023-08-28 09:10:00,call,Department-specific customization discussion,33,66,34,Discussed customization needs for each department.,2023-08-28 09:10:00
67,2023-09-01 14:35:00,other,Proof of concept development,34,67,35,Built POC for department-specific requirements.,2023-09-01 14:35:00
68,2023-09-05 16:20:00,email,POC results and feedback,34,68,35,POC exceeded expectations. Moving to full proposal.,2023-09-05 16:20:00
69,2023-09-08 12:45:00,meeting,Investment committee presentation,35,69,36,Presented business case to investment committee.,2023-09-08 12:45:00
70,2023-09-12 10:30:00,call,Investment approval confirmation,35,70,36,Project approved with full budget allocation.,2023-09-12 10:30:00
71,2023-09-15 13:15:00,email,Project kick-off scheduling,36,71,37,Scheduled project kick-off for next week.,2023-09-15 13:15:00
72,2023-09-18 15:00:00,meeting,Project kick-off meeting,36,72,37,Project officially launched with all stakeholders.,2023-09-18 15:00:00
73,2023-09-22 11:40:00,call,First sprint planning call,37,73,38,Planned first development sprint activities.,2023-09-22 11:40:00
74,2023-09-25 14:25:00,other,Sprint review and demo,37,74,38,Demonstrated first sprint deliverables.,2023-09-25 14:25:00
75,2023-09-28 16:50:00,email,Sprint feedback and adjustments,38,75,39,Customer feedback incorporated into next sprint.,2023-09-28 16:50:00
76,2023-10-02 12:35:00,meeting,Mid-project checkpoint meeting,38,76,39,Project 40% complete. On schedule and budget.,2023-10-02 12:35:00
77,2023-10-05 10:20:00,call,Risk mitigation discussion,39,77,40,Addressed potential risks and mitigation strategies.,2023-10-05 10:20:00
78,2023-10-08 13:45:00,email,Risk mitigation plan documentation,39,78,40,Documented comprehensive risk mitigation plan.,2023-10-08 13:45:00
79,2023-10-12 15:30:00,meeting,Stakeholder communication meeting,40,79,41,Updated all stakeholders on project progress.,2023-10-12 15:30:00
80,2023-10-15 09:55:00,call,Change request evaluation,40,80,41,Evaluated customer change request for scope modification.,2023-10-15 09:55:00
81,2023-10-18 12:10:00,other,Change impact analysis,41,81,42,Analyzed impact of requested changes on timeline and budget.,2023-10-18 12:10:00
82,2023-10-22 14:40:00,email,Change request approval,41,82,42,Change request approved with adjusted timeline.,2023-10-22 14:40:00
83,2023-10-25 16:25:00,meeting,Updated project plan presentation,42,83,43,Presented revised project plan with changes.,2023-10-25 16:25:00
84,2023-10-28 11:50:00,call,Resource allocation adjustment,42,84,43,Adjusted team resources to accommodate changes.,2023-10-28 11:50:00
85,2023-11-01 13:35:00,email,Team structure update communication,43,85,44,Communicated team changes to customer.,2023-11-01 13:35:00
86,2023-11-05 15:20:00,meeting,New team member introductions,43,86,44,Introduced new team members to customer.,2023-11-05 15:20:00
87,2023-11-08 10:05:00,call,Integration testing coordination,44,87,45,Coordinated integration testing with customer IT team.,2023-11-08 10:05:00
88,2023-11-12 12:30:00,other,User acceptance testing session,44,88,45,Conducted UAT with end users.,2023-11-12 12:30:00
89,2023-11-15 14:15:00,email,UAT results and issue log,45,89,46,Documented UAT results and identified minor issues.,2023-11-15 14:15:00
90,2023-11-18 16:00:00,meeting,Issue resolution planning,45,90,46,Planned resolution approach for identified issues.,2023-11-18 16:00:00
91,2023-11-22 11:45:00,call,Issue resolution progress update,46,91,47,Most issues resolved. Final testing in progress.,2023-11-22 11:45:00
92,2023-11-25 13:30:00,email,Final testing completion confirmation,46,92,47,All testing completed successfully.,2023-11-25 13:30:00
93,2023-11-28 15:55:00,meeting,Go-live readiness assessment,47,93,48,Confirmed readiness for production deployment.,2023-11-28 15:55:00
94,2023-12-02 09:40:00,call,Production deployment coordination,47,94,48,Coordinated production deployment schedule.,2023-12-02 09:40:00
95,2023-12-05 12:25:00,other,Production deployment execution,48,95,49,Successfully deployed to production environment.,2023-12-05 12:25:00
96,2023-12-08 14:50:00,email,Deployment success confirmation,48,96,49,Confirmed successful deployment and system stability.,2023-12-08 14:50:00
97,2023-12-12 16:35:00,meeting,Project closure meeting,49,97,50,Officially closed project. Customer extremely satisfied.,2023-12-12 16:35:00
98,2023-12-15 10:20:00,call,Transition to support team,49,98,50,Transitioned customer to ongoing support team.,2023-12-15 10:20:00
99,2023-12-18 13:05:00,email,Support contact information,50,99,51,Provided support team contact details.,2023-12-18 13:05:00
100,2023-12-22 15:40:00,meeting,First support review meeting,50,100,51,First support team meeting. Established regular cadence.,2023-12-22 15:40:00
101,2024-01-05 09:30:00,call,New year strategy discussion,1,1,2,Discussed goals and initiatives for new year.,2024-01-05 09:30:00
102,2024-01-08 11:45:00,email,Technology roadmap sharing,1,2,2,Shared our product roadmap for customer planning.,2024-01-08 11:45:00
103,2024-01-12 14:20:00,meeting,Innovation partnership exploration,2,3,3,Explored potential innovation partnership opportunities.,2024-01-12 14:20:00
104,2024-01-15 16:10:00,call,Market trends discussion,2,4,3,Discussed industry trends and implications.,2024-01-15 16:10:00
105,2024-01-18 12:35:00,other,Industry report presentation,3,5,4,Presented industry analysis and market insights.,2024-01-18 12:35:00
106,2024-01-22 10:50:00,email,Benchmarking study invitation,3,6,4,Invited customer to participate in benchmarking study.,2024-01-22 10:50:00
107,2024-01-25 13:25:00,meeting,Benchmarking results review,4,7,5,Reviewed benchmarking results and recommendations.,2024-01-25 13:25:00
108,2024-01-28 15:15:00,call,Performance optimization discussion,4,8,5,Discussed opportunities for performance improvements.,2024-01-28 15:15:00
109,2024-02-02 11:40:00,email,Optimization proposal delivery,5,9,6,Sent proposal for performance optimization project.,2024-02-02 11:40:00
110,2024-02-05 09:25:00,meeting,Optimization project planning,5,10,6,Planned optimization project approach and timeline.,2024-02-05 09:25:00
111,2024-02-08 14:55:00,call,Resource planning for optimization,6,11,7,Planned resource allocation for optimization work.,2024-02-08 14:55:00
112,2024-02-12 16:30:00,other,Optimization implementation start,6,12,7,Began implementation of optimization improvements.,2024-02-12 16:30:00
113,2024-02-15 12:15:00,email,Weekly optimization progress update,7,13,8,Regular progress updates on optimization work.,2024-02-15 12:15:00
114,2024-02-18 10:00:00,meeting,Optimization milestone review,7,14,8,Reviewed first optimization milestone completion.,2024-02-18 10:00:00
115,2024-02-22 13:45:00,call,Performance metrics analysis,8,15,9,Analyzed performance improvements achieved.,2024-02-22 13:45:00
116,2024-02-25 15:20:00,email,Metrics report delivery,8,16,9,Delivered comprehensive performance metrics report.,2024-02-25 15:20:00
117,2024-02-28 11:35:00,meeting,Optimization completion celebration,9,17,10,Celebrated successful completion of optimization project.,2024-02-28 11:35:00
118,2024-03-02 09:50:00,call,Next phase planning discussion,9,18,10,Discussed potential next phase improvements.,2024-03-02 09:50:00
119,2024-03-05 14:10:00,other,Customer success story interview,10,19,11,Interviewed customer for success story publication.,2024-03-05 14:10:00
120,2024-03-08 16:25:00,email,Success story draft review,10,20,11,Sent draft success story for customer review.,2024-03-08 16:25:00
121,2024-03-12 12:40:00,meeting,Marketing collaboration discussion,11,21,12,Discussed joint marketing opportunities.,2024-03-12 12:40:00
122,2024-03-15 10:55:00,call,Webinar planning session,11,22,12,Planned joint webinar presentation.,2024-03-15 10:55:00
123,2024-03-18 13:20:00,email,Webinar content development,12,23,13,Collaborated on webinar content and slides.,2024-03-18 13:20:00
124,2024-03-22 15:05:00,meeting,Webinar rehearsal session,12,24,13,Rehearsed webinar presentation and Q&A.,2024-03-22 15:05:00
125,2024-03-25 11:30:00,other,Joint webinar execution,13,25,14,Successfully delivered joint webinar to audience.,2024-03-25 11:30:00
126,2024-03-28 09:15:00,call,Webinar follow-up and leads,13,26,14,Reviewed webinar performance and generated leads.,2024-03-28 09:15:00
127,2024-04-02 14:45:00,email,Lead qualification and next steps,14,27,15,Qualified leads from webinar and planned follow-up.,2024-04-02 14:45:00
128,2024-04-05 16:20:00,meeting,Quarterly business review,14,28,15,Conducted comprehensive quarterly review.,2024-04-05 16:20:00
129,2024-04-08 12:05:00,call,QBR action items follow-up,15,29,16,Followed up on action items from QBR.,2024-04-08 12:05:00
130,2024-04-12 10:40:00,email,Strategic planning invitation,15,30,16,Invited customer to strategic planning workshop.,2024-04-12 10:40:00
131,2024-04-15 13:55:00,meeting,Strategic planning workshop,16,31,17,Facilitated strategic planning session with customer.,2024-04-15 13:55:00
132,2024-04-18 15:30:00,call,Workshop outcomes discussion,16,32,17,Discussed outcomes and action plan from workshop.,2024-04-18 15:30:00
133,2024-04-22 11:45:00,other,Innovation lab tour,17,33,18,Gave customer tour of our innovation lab facilities.,2024-04-22 11:45:00
134,2024-04-25 09:20:00,email,Innovation opportunities follow-up,17,34,18,Followed up on innovation opportunities discussed.,2024-04-25 09:20:00
135,2024-04-28 14:35:00,meeting,Technology partnership discussion,18,35,19,Explored deeper technology partnership possibilities.,2024-04-28 14:35:00
136,2024-05-02 16:50:00,call,Partnership agreement drafting,18,36,19,Began drafting formal partnership agreement.,2024-05-02 16:50:00
137,2024-05-05 12:25:00,email,Partnership terms negotiation,19,37,20,Negotiated terms of strategic partnership.,2024-05-05 12:25:00
138,2024-05-08 10:10:00,meeting,Executive partnership approval,19,38,20,Executives approved partnership agreement.,2024-05-08 10:10:00
139,2024-05-12 13:40:00,call,Partnership announcement planning,20,39,21,Planned public announcement of partnership.,2024-05-12 13:40:00
140,2024-05-15 15:55:00,other,Partnership announcement event,20,40,21,Hosted joint event to announce partnership.,2024-05-15 15:55:00
141,2024-05-18 11:20:00,email,Partnership launch follow-up,21,41,22,Followed up on partnership launch activities.,2024-05-18 11:20:00
142,2024-05-22 09:45:00,meeting,First partnership project planning,21,42,22,Planned first collaborative project under partnership.,2024-05-22 09:45:00
143,2024-05-25 14:15:00,call,Joint project team formation,22,43,23,Formed joint project team with both organizations.,2024-05-25 14:15:00
144,2024-05-28 16:00:00,email,Project charter development,22,44,23,Developed charter for joint partnership project.,2024-05-28 16:00:00
145,2024-06-01 12:30:00,meeting,Project charter approval,23,45,24,Both organizations approved project charter.,2024-06-01 12:30:00
146,2024-06-05 10:45:00,call,Project resource allocation,23,46,24,Allocated resources from both organizations.,2024-06-05 10:45:00
147,2024-06-08 13:20:00,other,Joint project kick-off,24,47,25,Officially launched first partnership project.,2024-06-08 13:20:00
148,2024-06-12 15:35:00,email,Project communication framework,24,48,25,Established communication protocols for project.,2024-06-12 15:35:00
149,2024-06-15 11:50:00,meeting,First project milestone review,25,49,26,Reviewed first milestone completion.,2024-06-15 11:50:00
150,2024-06-18 09:25:00,call,Project risk assessment,25,50,26,Assessed risks and mitigation strategies.,2024-06-18 09:25:00
151,2024-06-22 14:40:00,email,Risk mitigation implementation,26,51,27,Implemented agreed risk mitigation measures.,2024-06-22 14:40:00
152,2024-06-25 16:15:00,meeting,Mid-project review meeting,26,52,27,Comprehensive mid-project progress review.,2024-06-25 16:15:00
153,2024-06-28 12:00:00,call,Scope adjustment discussion,27,53,28,Discussed minor scope adjustments for project.,2024-06-28 12:00:00
154,2024-07-02 10:35:00,other,Scope change documentation,27,54,28,Documented and approved scope changes.,2024-07-02 10:35:00
155,2024-07-05 13:50:00,email,Updated project timeline,28,55,29,Shared updated timeline reflecting scope changes.,2024-07-05 13:50:00
156,2024-07-08 15:25:00,meeting,Stakeholder update meeting,28,56,29,Updated all stakeholders on project changes.,2024-07-08 15:25:00
157,2024-07-12 11:40:00,call,Quality assurance planning,29,57,30,Planned quality assurance activities for project.,2024-07-12 11:40:00
158,2024-07-15 09:55:00,email,QA checklist and procedures,29,58,30,Developed comprehensive QA checklist.,2024-07-15 09:55:00
159,2024-07-18 14:20:00,meeting,QA implementation review,30,59,31,Reviewed QA implementation progress.,2024-07-18 14:20:00
160,2024-07-22 16:45:00,call,Pre-delivery testing coordination,30,60,31,Coordinated final testing before delivery.,2024-07-22 16:45:00
161,2024-07-25 12:30:00,other,Final testing execution,31,61,32,Executed comprehensive final testing.,2024-07-25 12:30:00
162,2024-07-28 10:15:00,email,Testing results and sign-off,31,62,32,Shared testing results and obtained sign-off.,2024-07-28 10:15:00
163,2024-08-01 13:45:00,meeting,Project delivery meeting,32,63,33,Officially delivered project to customer.,2024-08-01 13:45:00
164,2024-08-05 15:20:00,call,Delivery acceptance confirmation,32,64,33,Customer confirmed acceptance of delivery.,2024-08-05 15:20:00
165,2024-08-08 11:35:00,email,Project closure documentation,33,65,34,Completed all project closure documentation.,2024-08-08 11:35:00
166,2024-08-12 09:50:00,meeting,Project retrospective session,33,66,34,Conducted retrospective to capture lessons learned.,2024-08-12 09:50:00
167,2024-08-15 14:25:00,call,Future collaboration discussion,34,67,35,Discussed future collaboration opportunities.,2024-08-15 14:25:00
168,2024-08-18 16:40:00,other,Partnership evaluation meeting,34,68,35,Evaluated overall partnership performance.,2024-08-18 16:40:00
169,2024-08-22 12:55:00,email,Partnership performance report,35,69,36,Shared comprehensive partnership performance report.,2024-08-22 12:55:00
170,2024-08-25 10:20:00,meeting,Partnership expansion planning,35,70,36,Planned expansion of partnership scope.,2024-08-25 10:20:00
171,2024-08-28 13:35:00,call,Expansion opportunity identification,36,71,37,Identified new expansion opportunities.,2024-08-28 13:35:00
172,2024-09-02 15:10:00,email,Expansion proposal development,36,72,37,Developed proposal for partnership expansion.,2024-09-02 15:10:00
173,2024-09-05 11:25:00,meeting,Expansion proposal presentation,37,73,38,Presented expansion proposal to leadership.,2024-09-05 11:25:00
174,2024-09-08 09:40:00,call,Expansion approval process,37,74,38,Initiated approval process for expansion.,2024-09-08 09:40:00
175,2024-09-12 14:15:00,other,Due diligence for expansion,38,75,39,Conducted due diligence for expansion areas.,2024-09-12 14:15:00
176,2024-09-15 16:30:00,email,Due diligence results,38,76,39,Shared results of due diligence assessment.,2024-09-15 16:30:00
177,2024-09-18 12:45:00,meeting,Expansion agreement negotiation,39,77,40,Negotiated terms for partnership expansion.,2024-09-18 12:45:00
178,2024-09-22 10:00:00,call,Legal review coordination,39,78,40,Coordinated legal review of expansion agreement.,2024-09-22 10:00:00
179,2024-09-25 13:30:00,email,Agreement finalization,40,79,41,Finalized expansion agreement terms.,2024-09-25 13:30:00
180,2024-09-28 15:45:00,meeting,Expansion agreement signing,40,80,41,Both parties signed expansion agreement.,2024-09-28 15:45:00
181,2024-10-02 11:20:00,call,Expansion implementation planning,41,81,42,Planned implementation of expansion activities.,2024-10-02 11:20:00
182,2024-10-05 09:35:00,other,Expansion team formation,41,82,42,Formed teams for expansion implementation.,2024-10-05 09:35:00
183,2024-10-08 14:50:00,email,Expansion project charter,42,83,43,Developed charter for expansion project.,2024-10-08 14:50:00
184,2024-10-12 16:25:00,meeting,Expansion kick-off meeting,42,84,43,Officially launched expansion project.,2024-10-12 16:25:00
185,2024-10-15 12:40:00,call,First expansion milestone,43,85,44,Achieved first milestone in expansion project.,2024-10-15 12:40:00
186,2024-10-18 10:55:00,email,Milestone celebration and next steps,43,86,44,Celebrated milestone and planned next phase.,2024-10-18 10:55:00
187,2024-10-22 13:20:00,meeting,Expansion progress review,44,87,45,Reviewed overall expansion progress.,2024-10-22 13:20:00
188,2024-10-25 15:35:00,call,Market feedback incorporation,44,88,45,Incorporated market feedback into expansion plan.,2024-10-25 15:35:00
189,2024-10-28 11:50:00,other,Customer advisory session,45,89,46,Conducted advisory session with key customers.,2024-10-28 11:50:00
190,2024-11-01 09:15:00,email,Advisory session outcomes,45,90,46,Shared outcomes from customer advisory session.,2024-11-01 09:15:00
191,2024-11-05 14:30:00,meeting,Strategy refinement workshop,46,91,47,Refined strategy based on advisory feedback.,2024-11-05 14:30:00
192,2024-11-08 16:05:00,call,Implementation adjustment discussion,46,92,47,Discussed adjustments to implementation approach.,2024-11-08 16:05:00
193,2024-11-12 12:20:00,email,Adjusted implementation plan,47,93,48,Delivered updated implementation plan.,2024-11-12 12:20:00
194,2024-11-15 10:45:00,meeting,Plan approval and next steps,47,94,48,Approved adjusted plan and confirmed next steps.,2024-11-15 10:45:00
195,2024-11-18 13:40:00,call,Resource reallocation planning,48,95,49,Planned resource reallocation for adjustments.,2024-11-18 13:40:00
196,2024-11-22 15:55:00,other,Team restructuring session,48,96,49,Restructured teams to align with new plan.,2024-11-22 15:55:00
197,2024-11-25 11:30:00,email,New team structure communication,49,97,50,Communicated new team structure to stakeholders.,2024-11-25 11:30:00
198,2024-11-28 09:45:00,meeting,Restructured team introduction,49,98,50,Introduced restructured teams to customer.,2024-11-28 09:45:00
199,2024-12-02 14:10:00,call,Renewed project momentum,50,99,51,Regained project momentum with new structure.,2024-12-02 14:10:00
200,2024-12-05 16:35:00,email,Progress acceleration update,50,100,51,Updated on accelerated progress with new approach.,2024-12-05 16:35:00
201,2024-12-08 12:50:00,meeting,Accelerated delivery planning,51,101,52,Planned accelerated delivery schedule.,2024-12-08 12:50:00
202,2024-12-12 10:25:00,call,Delivery timeline confirmation,51,102,52,Confirmed new accelerated delivery timeline.,2024-12-12 10:25:00
203,2024-12-15 13:45:00,other,Final quality review,52,103,53,Conducted final comprehensive quality review.,2024-12-15 13:45:00
204,2024-12-18 15:20:00,email,Quality review approval,52,104,53,Received approval from quality review process.,2024-12-18 15:20:00
205,2024-12-22 11:35:00,meeting,Delivery preparation meeting,53,105,54,Prepared for final delivery to customer.,2024-12-22 11:35:00
206,2024-12-25 09:50:00,call,Holiday schedule coordination,53,106,54,Coordinated delivery around holiday schedule.,2024-12-25 09:50:00
207,2024-12-28 14:15:00,email,Year-end delivery confirmation,54,107,55,Confirmed successful year-end delivery.,2024-12-28 14:15:00
208,2025-01-02 16:40:00,meeting,New year planning session,54,108,55,Planned activities and goals for new year.,2025-01-02 16:40:00
209,2025-01-05 12:55:00,call,Annual contract discussion,55,109,56,Initiated discussion for annual contract renewal.,2025-01-05 12:55:00
210,2025-01-08 10:20:00,email,Contract renewal proposal,55,110,56,Sent comprehensive contract renewal proposal.,2025-01-08 10:20:00
211,2025-01-12 13:35:00,meeting,Renewal terms negotiation,56,111,57,Negotiated terms for contract renewal.,2025-01-12 13:35:00
212,2025-01-15 15:50:00,call,Final renewal agreement,56,112,57,Reached final agreement on renewal terms.,2025-01-15 15:50:00
213,2025-01-18 11:05:00,other,Contract signing ceremony,57,113,58,Celebrated contract renewal with signing ceremony.,2025-01-18 11:05:00
214,2025-01-22 09:30:00,email,Renewal implementation planning,57,114,58,Planned implementation of renewed contract terms.,2025-01-22 09:30:00
215,2025-01-25 14:45:00,meeting,Implementation kick-off,58,115,59,Kicked off implementation of renewed contract.,2025-01-25 14:45:00
216,2025-01-28 16:20:00,call,Early implementation progress,58,116,59,Reviewed early progress on implementation.,2025-01-28 16:20:00
217,2025-02-02 12:35:00,email,First month progress report,59,117,60,Delivered first month progress report.,2025-02-02 12:35:00
218,2025-02-05 10:50:00,meeting,Progress review and planning,59,118,60,Reviewed progress and planned next month.,2025-02-05 10:50:00
219,2025-02-08 13:25:00,call,Performance optimization discussion,60,119,61,Discussed performance optimization opportunities.,2025-02-08 13:25:00
220,2025-02-12 15:40:00,other,Optimization workshop,60,120,61,Conducted workshop to identify optimization areas.,2025-02-12 15:40:00